﻿<?xml version="1.0"?>
<TestScriptConfig>
	<test TestId="YahooXMLTest" Browsers = "FireFox"/>	
	<actions>
		<action type="Url" value="https://login.yahoo.com/"></action>
		<action type="ScreenShot"></action>
		<action type="Default" name="login-username" value="ashoknew"></action>
		<action type="Default" name="login-passwd" value="passwordpassword"></action>
		<action type="Default" name="//a[@id='login-signup']/span" ></action>
		<action type="ScreenShot"></action>
		<action type="Default" name="first-name" value="Ashokkumar"></action>
		<action type="Default" name="last-name" value="Muthukrishnan"></action>
		<action type="Default" name="user-name" value="ashokmail"></action>
		<action type="Default" name="password" value="password"></action>
		<action type="Default" name="mobile" value="12345678"></action>
		<action type="ScreenShot"></action>
		<action type="Default" name="/html/body/div[1]/div[2]/form/div/div[4]/div[1]/a"></action>
		<action type="Default" name="/html/body/div[1]/div[2]/form/div/div[4]/div[1]/div/ul/li[179]/a" ></action>
		<action type="Default" name="month" value="9"></action>
		<action type="Default" name="day" value="10"></action>
		<action type="Default" name="year" value="1998"></action>
		<action type="Default" name="male"></action>		
		<action type="ScreenShot"></action>
		<action type="Default" name="/html/body/div[1]/div[2]/form/div/div[7]/div[1]/div[1]/a"></action>
		<action type="Default" name="/html/body/div[1]/div[2]/form/div/div[7]/div[1]/div[1]/div/ul/li[179]/a"></action>
	</actions>
</TestScriptConfig>